{"cameraMode":{"drawMode":0,"name":"Shaded","section":"Shading Mode"},"sceneLighting":true,"audioPlay":false,"sceneViewState":{"showFog":true,"showMaterialUpdate":false,"showSkybox":true,"showFlares":true,"showImageEffects":true,"showParticleSystems":true},"in2DMode":false,"pivot":{"x":-0.40975993871688845,"y":0.8636971712112427,"z":-1.9228898286819459},"rotation":{"x":-0.03841603919863701,"y":-0.9610195159912109,"z":0.20967312157154084,"w":-0.17607666552066804},"size":2.9826292991638185,"orthographic":false}